<Ui xmlns="http://www.blizzard.com/wow/ui/" xmlns:xsi="http://www.w3.org/2001/XMLSchema-instance" xsi:schemaLocation="http://www.blizzard.com/wow/ui/
..\FrameXML\UI.xsd">
	<Button name="ATTButtonTemplate" inherits="ActionButtonTemplate" hidden="true" virtual="true">
		<Animations>
			<AnimationGroup parentKey="newitemglowAnim" setToFinalAlpha="true">
				<Alpha childKey="NewItemTexture" smoothing="OUT" duration="1.2" order="1" fromAlpha="0.6" toAlpha="0" />

			</AnimationGroup>
			<AnimationGroup parentKey="flashAnim" setToFinalAlpha="true">
				<Alpha childKey="flash" smoothing="OUT" duration="1" order="1" fromAlpha="0.6" toAlpha="0" />
			</AnimationGroup>
		</Animations>
		<Layers>
			<Layer level="OVERLAY" >
				<Texture parentKey="flash" hidden="false" alpha="0" alphaMode="ADD" atlas="bags-glow-artifact"  useAtlasSize="true">
					<Anchors>
						<Anchor point="CENTER"/>
					</Anchors>
				</Texture>
				<Texture parentKey="NewItemTexture" alpha="0" hidden="false" alphaMode="ADD" atlas="bags-glow-heirloom" useAtlasSize="true">
					<Anchors>
						<Anchor point="CENTER"/>
					</Anchors>
				</Texture>
			</Layer>
		</Layers>
	</Button>
</Ui>
