<Ui xmlns="http://www.blizzard.com/wow/ui/"
  xmlns:xsi="http://www.w3.org/2001/XMLSchema-instance" xsi:schemaLocation="http://www.blizzard.com/wow/ui/
..\FrameXML\UI.xsd">

  <Script file="Atlas.lua"/>
  <Script file="C_LossOfControl.lua"/>
  <Script file="SharedExtendedMethods.lua"/>
  <Script file="API.lua"/>
  <Script file="C_TimerAugment.lua"/>
  <Script file="MathUtil.lua"/>
  <Script file="Mixin.lua"/>
  <Script file="C_Texture.lua"/>
  <Script file="Color.lua"/>
  <Script file="PartyUtil.lua"/>
  <Script file="PixelUtil.lua"/>
  <Script file="AuraUtil.lua"/>
  <Script file="NineSlice.lua"/>
  <Script file="TextureUtil.lua"/>

</Ui>