<Ui xmlns="http://www.blizzard.com/wow/ui/" xmlns:xsi="http://www.w3.org/2001/XMLSchema-instance" xsi:schemaLocation="http://www.blizzard.com/wow/ui/
..\FrameXML\UI.xsd">
	<Script file="OmniBar.lua"/>
	<Frame name="OmniBarTemplate" virtual="true" parent="UIParent" frameStrata="MEDIUM" movable="true" clampedToScreen="true" dontSavePosition="true">
		<Size>
			<AbsDimension x="1" y="1"/>
		</Size>
		<Anchors>
			<Anchor point="CENTER"/>
		</Anchors>
		<Frames>
			<Frame name="$parentAnchor" parentKey="anchor" enableMouse="true" clampedToScreen="true">
				<Size>
					<AbsDimension x="80" y="30"/>
				</Size>
				<Anchors>
					<Anchor point="CENTER"/>
				</Anchors>
				<Layers>
					<Layer level="BACKGROUND">
						<Texture name="$parentBG" setAllPoints="true" parentKey="background">
							<Color r="0" g="0" b="0" a="0.3"/>
						</Texture>
					</Layer>
					<Layer level="ARTWORK">
						<FontString name="$parentText" inherits="GameFontNormal" text="OmniBar" parentKey="text">
							<Color r="1" g="1" b="0" a="1"/>
							<Anchors>
								<Anchor point="CENTER"/>
							</Anchors>
						</FontString>
					</Layer>
				</Layers>
				<Scripts>
					<OnMouseDown>
						local bar = self:GetParent()
						if button == "LeftButton" and not bar.settings.locked then
							OmniBar_Center(bar)
							bar:StartMoving()
						end
					</OnMouseDown>
					<OnMouseUp>
						local bar = self:GetParent()
						if button == "LeftButton" and not bar.settings.locked then
							bar:StopMovingOrSizing()
							OmniBar_SavePosition(bar)
						end
					</OnMouseUp>
				</Scripts>
			</Frame>
			<Frame name="$parentIcons" parentKey="container" clampedToScreen="true">
				<Size>
					<AbsDimension x="1" y="1"/>
				</Size>
				<Anchors>
					<Anchor point="CENTER" relativeTo="OmniBarAnchor"/>
				</Anchors>
			</Frame>
		</Frames>
		<Scripts>
			<OnLoad>
				self:RegisterEvent("ADDON_LOADED")
			</OnLoad>
			<OnEvent function="OmniBar_OnEvent"/>
		</Scripts>
	</Frame>
	<Frame name="OmniBar" inherits="OmniBarTemplate"/>
	<Button name="OmniBarButtonTemplate" inherits="ActionButtonTemplate" parent="OmniBarIcons" hidden="true" virtual="true">
		<Size>
			<AbsDimension x="36" y="36"/>
		</Size>
		<Anchors>
			<Anchors>
				<Anchor point="CENTER"/>
			</Anchors>
		</Anchors>
		<NormalTexture name="$parentNormalTexture" parentKey="NormalTexture">
			<Anchors>
				<Anchor point="TOPLEFT" x="-15" y="15"/>
				<Anchor point="BOTTOMRIGHT" x="15" y="-15"/>
			</Anchors>
		</NormalTexture>
		<HighlightTexture/>
		<PushedTexture/>
		<Layers>
			<Layer level="BORDER">
				<Texture name="$parentIcon" parentKey="icon"/>
			</Layer>
			<Layer level="OVERLAY" textureSubLevel="1">
			</Layer>
			<Layer level="BACKGROUND" textureSubLevel="-1">
				<Texture parentKey="TargetTexture" file="Interface\AddOns\OmniBar\UI-ActionButton-Border.blp" alphaMode="ADD">
					<Size>
						<AbsDimension x="72" y="72"/>
					</Size>
					<Color a="1" r="0.6392156862745098" g="0.20784313725490197" b="0.9333333333333333" />
					<Anchors>
						<Anchor point="CENTER"/>
					</Anchors>
				</Texture>
				<Texture parentKey="FocusTexture" file="Interface\AddOns\OmniBar\UI-ActionButton-Border.blp" alphaMode="ADD" alpha="0">
					<Size>
						<AbsDimension x="72" y="72"/>
					</Size>
					<Anchors>
						<Anchor point="CENTER"/>
					</Anchors>
				</Texture>
			</Layer>
		</Layers>
		<Frames>
			<Cooldown name="$parentCooldown" inherits="CooldownFrameTemplate" parentKey="cooldown" reverse="true" drawBling="false" drawEdge="false" hidden="true">
				<Size x="36" y="36"/>
				<Anchors>
					<Anchor point="CENTER" x="0" y="-1"/>
				</Anchors>
				<SwipeTexture>
					<Color r="1" g="1" b="1" a="0.8"/>
				</SwipeTexture>
				<Scripts>
					<OnHide function="OmniBar_CooldownFinish"/>
				</Scripts>
			</Cooldown>
		</Frames>
		<Scripts>
			<OnEnter>
				local bar = self:GetParent():GetParent()
				if bar.settings.noTooltips or self:GetAlpha() == 0 then return end
				GameTooltip:SetOwner(self, "ANCHOR_RIGHT")
				GameTooltip:SetSpellByID(self.spellID)
			</OnEnter>
			<OnLeave>
				GameTooltip:Hide();
			</OnLeave>
			<OnShow>
				local bar = self:GetParent():GetParent()
				table.insert(bar.active, self)
				OmniBar_Position(bar)
				OmniBar_UpdateBorders(bar)
			</OnShow>
			<OnHide>
				local bar = self:GetParent():GetParent()
				for i = 1, #bar.active do
					if bar.active[i] == self then
						table.remove(bar.active, i)
						break
					end
				end
				OmniBar_Position(bar)
			</OnHide>
			<OnMouseDown>
				local bar = self:GetParent():GetParent()
				if button == "LeftButton" and not bar.settings.locked then
					OmniBar_Center(bar)
					bar:StartMoving()
				end
			</OnMouseDown>
			<OnMouseUp>
				local bar = self:GetParent():GetParent()
				if button == "LeftButton" and not bar.settings.locked then
					bar:StopMovingOrSizing()
					OmniBar_SavePosition(bar)
				end
			</OnMouseUp>
		</Scripts>
	</Button>
</Ui>
